<?xml version="1.0" encoding="UTF-8"?>
<GenRun Id="synth_1" LaunchPart="xc7z020clg400-1" LaunchTime="1656606719">
  <File Type="PA-TCL" Name="clock_divider.tcl"/>
  <File Type="RDS-PROPCONSTRS" Name="clock_divider_drc_synth.rpt"/>
  <File Type="REPORTS-TCL" Name="clock_divider_reports.tcl"/>
  <File Type="RDS-RDS" Name="clock_divider.vds"/>
  <File Type="RDS-UTIL" Name="clock_divider_utilization_synth.rpt"/>
  <File Type="RDS-UTIL-PB" Name="clock_divider_utilization_synth.pb"/>
  <File Type="RDS-DCP" Name="clock_divider.dcp"/>
  <File Type="VDS-TIMINGSUMMARY" Name="clock_divider_timing_summary_synth.rpt"/>
  <File Type="VDS-TIMING-PB" Name="clock_divider_timing_summary_synth.pb"/>
  <FileSet Name="sources" Type="DesignSrcs" RelSrcDir="$PSRCDIR/sources_1">
    <Filter Type="Srcs"/>
    <File Path="$PSRCDIR/sources_1/new/clock_divider.v">
      <FileInfo>
        <Attr Name="ImportPath" Val="$PPRDIR/../../../../Downloads/NedaMarkovic96-2018/NedaMarkovic962018/NedaMarkovic962018.srcs/sources_1/new/clock_divider.v"/>
        <Attr Name="ImportTime" Val="1630306386"/>
        <Attr Name="UsedIn" Val="synthesis"/>
        <Attr Name="UsedIn" Val="implementation"/>
        <Attr Name="UsedIn" Val="simulation"/>
      </FileInfo>
    </File>
    <File Path="$PSRCDIR/sources_1/new/top.v">
      <FileInfo>
        <Attr Name="AutoDisabled" Val="1"/>
        <Attr Name="ImportPath" Val="$PPRDIR/../../../../Downloads/NedaMarkovic96-2018/NedaMarkovic962018/NedaMarkovic962018.srcs/sources_1/new/top.v"/>
        <Attr Name="ImportTime" Val="1630295722"/>
        <Attr Name="UsedIn" Val="synthesis"/>
        <Attr Name="UsedIn" Val="implementation"/>
        <Attr Name="UsedIn" Val="simulation"/>
      </FileInfo>
    </File>
    <File Path="$PSRCDIR/sources_1/new/clockDivider.v">
      <FileInfo>
        <Attr Name="AutoDisabled" Val="1"/>
        <Attr Name="ImportPath" Val="$PPRDIR/../../../../Downloads/NedaMarkovic96-2018/NedaMarkovic962018/NedaMarkovic962018.srcs/sources_1/new/clockDivider.v"/>
        <Attr Name="ImportTime" Val="1630299186"/>
        <Attr Name="UsedIn" Val="synthesis"/>
        <Attr Name="UsedIn" Val="implementation"/>
        <Attr Name="UsedIn" Val="simulation"/>
      </FileInfo>
    </File>
    <Config>
      <Option Name="DesignMode" Val="RTL"/>
      <Option Name="TopModule" Val="clock_divider"/>
    </Config>
  </FileSet>
  <FileSet Name="constrs_in" Type="Constrs" RelSrcDir="$PSRCDIR/constrs_1">
    <Filter Type="Constrs"/>
    <File Path="$PSRCDIR/constrs_1/new/switchLedConstraint.xdc">
      <FileInfo>
        <Attr Name="ImportPath" Val="$PPRDIR/../../../../Downloads/NedaMarkovic96-2018/NedaMarkovic962018/NedaMarkovic962018.srcs/constrs_1/new/switchLedConstraint.xdc"/>
        <Attr Name="ImportTime" Val="1630305930"/>
        <Attr Name="UsedIn" Val="synthesis"/>
        <Attr Name="UsedIn" Val="implementation"/>
      </FileInfo>
    </File>
    <Config>
      <Option Name="ConstrsType" Val="XDC"/>
    </Config>
  </FileSet>
  <Strategy Version="1" Minor="2">
    <StratHandle Name="Vivado Synthesis Defaults" Flow="Vivado Synthesis 2018"/>
    <Step Id="synth_design"/>
  </Strategy>
</GenRun>
